source_center,destination_center,median_delay,trips
IND700065AAB,IND712310AAA,4.690476190476191,22
IND700136AAG,IND712310AAA,4.666666666666667,31
IND742225AAA,IND742223AAA,4.392857142857142,28
IND421302AAR,IND421301AAA,4.111111111111111,28
IND462001AAA,IND462022AAA,4.0,43
IND210001AAA,IND210427AAA,4.0,27
IND302020AAA,IND302014AAB,3.9861111111111107,20
IND212402AAA,IND211002AAB,3.817460317460317,40
IND742148AAA,IND742225AAA,3.583333333333333,40
IND211011AAA,IND212501AAA,3.5,29
IND209304AAA,IND208019AAA,3.428571428571429,26
IND712310AAE,IND712124AAA,3.4166666666666665,49
IND851127AAA,IND842001AAA,3.414285714285714,64
IND731237AAB,IND731224AAA,3.4,33
IND785690AAB,IND785682AAA,3.380952380952381,62
IND842001AAA,IND843109AAB,3.3333333333333335,23
IND421502AAA,IND421302AAR,3.3333333333333335,33
IND712311AAA,IND700065AAA,3.270833333333333,42
IND732103AAB,IND732202AAA,3.25,24
IND224141AAB,IND224122AAA,3.25,43
IND421302AAR,IND421004AAA,3.2222222222222223,39
IND700088AAA,IND712311AAA,3.2,25
IND224001AAA,IND224141AAB,3.1625,40
IND812002AAA,IND813203AAA,3.162267080745342,32
IND396232AAA,IND396191AAC,3.155555555555556,30
IND792130AAB,IND786001AAB,3.125,43
IND506314AAA,IND506002AAA,3.1176470588235294,21
IND462042AAA,IND462022AAA,3.090909090909091,28
IND500008AAF,IND500039AAC,3.0625,28
IND174101AAB,IND160002AAC,3.0454545454545454,27
IND700065AAA,IND712311AAA,3.0,31
IND742121AAB,IND742121AAA,3.0,22
IND732202AAA,IND732204AAB,3.0,20
IND221313AAA,IND211002AAB,3.0,30
IND181201AAB,IND181152AAB,3.0,21
IND400072AAC,IND400011AAA,2.9444444444444446,22
IND742102AAB,IND731237AAB,2.9375,32
IND852111AAA,IND854326AAB,2.9265873015873014,68
IND635601AAB,IND635802AAB,2.909090909090909,39
IND712124AAA,IND712103AAA,2.9,39
IND271001AAA,IND271201AAA,2.888888888888889,20
IND431001AAB,IND431136AAC,2.888888888888889,29
IND712311AAA,IND700028AAB,2.886904761904762,38
IND742101AAC,IND731237AAB,2.8819444444444446,24
IND389151AAA,IND457661AAA,2.8785714285714286,22
IND400072AAB,IND400015AAA,2.875,78
IND204215AAA,IND207001AAA,2.875,20
IND786181AAC,IND792121AAB,2.866071428571429,44
IND210427AAA,IND209304AAA,2.8607954545454546,40
IND742149AAA,IND742148AAA,2.857142857142857,38
IND401104AAA,IND400072AAB,2.857142857142857,53
IND643212AAA,IND641062AAD,2.857142857142857,20
IND713148AAA,IND713128AAB,2.8128205128205126,30
IND852139AAB,IND854326AAB,2.7888888888888888,80
IND679303AAA,IND679531AAA,2.784090909090909,22
IND742303AAB,IND741165AAB,2.7817460317460316,56
IND788151AAA,IND788713AAA,2.780701754385965,22
IND712311AAA,IND700053AAA,2.769230769230769,35
IND271210AAA,IND271001AAA,2.75,69
IND585307AAB,IND585104AAA,2.75,92
IND743347AAA,IND700053AAA,2.742424242424242,40
IND400072AAB,IND401104AAA,2.732142857142857,118
IND798601AAA,IND785001AAA,2.7182539682539684,38
IND562132AAA,IND560002AAA,2.7,51
IND834002AAB,IND827013AAA,2.666666666666667,128
IND121004AAB,IND110037AAM,2.6666666666666665,98
IND425508AAB,IND450331AAA,2.6666666666666665,39
IND400015AAA,IND400072AAB,2.6666666666666665,52
IND246149AAA,IND249407AAA,2.6491228070175437,26
IND804420AAA,IND803101AAA,2.645833333333333,30
IND380006AAB,IND382430AAB,2.645833333333333,34
IND500039AAC,IND501359AAE,2.6363636363636362,29
IND781018AAB,IND788026AAC,2.6217038539553754,72
IND742101AAC,IND742303AAB,2.619047619047619,24
IND582101AAB,IND580028AAA,2.6125,40
IND841424AAA,IND841428AAA,2.6076923076923078,24
IND825301AAA,IND825409AAA,2.6,27
IND712311AAA,IND700088AAA,2.6,59
IND712311AAA,IND742101AAC,2.5902777777777777,56
IND603203AAA,IND600044AAD,2.585714285714286,24
IND400011AAA,IND400072AAD,2.5833333333333335,89
IND741156AAA,IND742101AAC,2.5714285714285716,31
IND741123AAB,IND741126AAB,2.5634920634920633,46
IND462022AAA,IND466001AAA,2.562608695652174,22
IND245304AAA,IND201007AAA,2.5584415584415585,48
IND742102AAB,IND712311AAA,2.5541795665634677,24
IND126116AAA,IND131301AAA,2.55,20
IND829121AAA,IND834002AAB,2.5357142857142856,34
IND712311AAA,IND732103AAB,2.5357142857142856,36
IND845401AAA,IND845305AAA,2.5322128851540615,40
IND202001AAB,IND205001AAB,2.5294117647058822,35
IND845305AAA,IND842001AAA,2.526315789473684,91
IND416012AAA,IND415612AAA,2.526315789473684,35
IND517501AAB,IND517644AAA,2.504524886877828,26
IND110037AAM,IND110024AAA,2.5,29
IND400072AAB,IND421302AAG,2.5,134
IND401209AAB,IND401104AAA,2.5,20
IND400102AAC,IND421302AAG,2.5,65
IND712311AAA,IND700026AAC,2.485294117647059,60
IND410206AAB,IND000000AFT,2.480769230769231,62
IND854326AAB,IND854105AAB,2.46875,22
IND462022AAA,IND462011AAA,2.4615384615384617,25
IND181152AAB,IND181201AAB,2.4545454545454546,21
IND832109AAB,IND834002AAB,2.4520833333333334,90
IND365560AAB,IND364290AAA,2.44949494949495,20
IND421302AAG,IND401104AAA,2.44949494949495,110
IND400072AAD,IND421302AAG,2.4444444444444446,179
IND515401AAB,IND515801AAA,2.4375,31
IND401104AAA,IND421302AAG,2.428571428571429,24
IND262122AAB,IND244901AAB,2.4285714285714284,38
IND421302AAN,IND400072AAB,2.4285714285714284,39
IND742102AAB,IND742303AAB,2.4285714285714284,29
IND507303AAA,IND507002AAA,2.41875,68
IND415612AAA,IND415408AAC,2.41640866873065,24
IND803116AAA,IND803108AAB,2.414285714285714,24
IND401209AAA,IND401104AAA,2.4097222222222223,46
IND246763AAA,IND246761AAA,2.4092105263157895,22
IND245101AAA,IND245304AAA,2.408333333333333,28
IND401104AAB,IND421302AAG,2.4058823529411764,32
IND788026AAC,IND781018AAB,2.404891304347826,116
IND210431AAA,IND209304AAA,2.403174603174603,20
IND210501AAB,IND209304AAA,2.4,114
IND670645AAB,IND673592AAA,2.4,21
IND410206AAA,IND000000AFT,2.4,21
IND516115AAA,IND517501AAB,2.4,103
IND400072AAB,IND000000AFT,2.4,95
IND741156AAA,IND742102AAB,2.4,59
IND221706AAA,IND273014AAB,2.3856209150326797,30
IND68004AAA,IND678683AAA,2.3846153846153846,23
IND211002AAB,IND485001AAC,2.3833333333333333,60
IND600008AAC,IND600056AAB,2.380952380952381,60
IND273014AAB,IND274001AAA,2.3762626262626263,30
IND516101AAA,IND516115AAA,2.375,53
IND842003AAB,IND483501AAA,2.375,38
IND742101AAC,IND712311AAA,2.3684210526315788,45
IND110078AAA,IND110043AAA,2.35625,24
IND000000ACK,IND501359AAF,2.3484848484848486,58
IND421302AAG,IND421401AAC,2.3484848484848486,42
IND712103AAA,IND712310AAE,2.346153846153846,62
IND401209AAB,IND421302AAH,2.3452380952380953,48
IND632006AAA,IND632301AAA,2.3428571428571425,24
IND583231AAA,IND583201AAA,2.3333333333333335,27
IND382430AAB,IND380015AAB,2.3333333333333335,41
IND691305AAA,IND689645AAA,2.3333333333333335,36
IND742401AAA,IND742101AAC,2.3333333333333335,25
IND401104AAA,IND401208AAA,2.3333333333333335,57
IND431112AAB,IND431136AAC,2.3333333333333335,64
IND583101AAA,IND583201AAA,2.3327205882352944,48
IND573134AAB,IND573201AAB,2.319047619047619,26
IND411033AAA,IND000000AAL,2.3166666666666664,30
IND485001AAC,IND486771AAA,2.3142857142857145,21
IND396191AAC,IND396232AAA,2.3125,24
IND828401AAB,IND826004AAA,2.3095238095238093,22
IND530012AAA,IND530043AAA,2.3055555555555554,22
IND421302AAG,IND000000AFT,2.3,75
IND712311AAA,IND781018AAB,2.2941176470588234,171
IND580028AAA,IND403726AAA,2.2941176470588234,73
IND212601AAA,IND210001AAA,2.2941176470588234,55
IND600056AAB,IND631501AAA,2.291666666666667,24
IND000000AAL,IND411033AAA,2.291666666666667,32
IND794101AAA,IND781018AAB,2.2903225806451615,56
IND262802AAA,IND262723AAB,2.289473684210526,51
IND521333AAA,IND521225AAB,2.2875494071146245,34
IND741126AAB,IND741156AAA,2.2857142857142856,43
IND362265AAA,IND362720AAA,2.2857142857142856,63
IND380021AAA,IND382430AAB,2.2857142857142856,37
IND515201AAA,IND515301AAA,2.2857142857142856,33
IND573201AAB,IND575004AAB,2.2857142857142856,59
IND600076AAB,IND600032AAB,2.2857142857142856,24
IND786001AAB,IND786171AAA,2.2857142857142856,60
IND121004AAA,IND121004AAB,2.283333333333333,20
IND560078AAC,IND560099AAB,2.282051282051282,34
IND431517AAB,IND411033AAA,2.2817460317460316,112
IND395023AAD,IND395004AAB,2.2777777777777777,28
IND834002AAB,IND832109AAB,2.2777777777777777,35
IND421601AAB,IND421302AAG,2.2777777777777777,38
IND834002AAB,IND826004AAA,2.267857142857143,188
IND262701AAA,IND262802AAA,2.267857142857143,32
IND846004AAA,IND847103AAA,2.257575757575758,30
IND400701AAB,IND421302AAG,2.2564935064935066,40
IND517583AAA,IND516101AAA,2.25,99
IND450331AAA,IND452001AAC,2.25,96
IND302014AAB,IND302026AAA,2.25,34
IND431603AAA,IND413531AAA,2.25,47
IND673121AAA,IND670645AAB,2.25,21
IND531163AAA,IND535001AAA,2.25,33
IND421302AAG,IND400015AAA,2.25,147
IND421302AAG,IND400072AAJ,2.25,88
IND421302AAG,IND400072AAB,2.25,243
IND421302AAG,IND400072AAA,2.25,73
IND421302AAG,IND400701AAB,2.25,38
IND441912AAA,IND441107AAB,2.25,69
IND472001AAA,IND485001AAC,2.236111111111111,136
IND000000ACN,IND501359AAF,2.236111111111111,22
IND586128AAA,IND585104AAA,2.236111111111111,36
IND431136AAC,IND431122AAA,2.235294117647059,30
IND400015AAB,IND421302AAG,2.2261904761904763,58
IND401501AAA,IND401602AAA,2.2222222222222223,35
IND431136AAC,IND431001AAA,2.2222222222222223,33
IND131028AAB,IND110037AAM,2.2182539682539684,24
IND382721AAA,IND382430AAB,2.2083333333333335,48
IND500055AAC,IND501401AAC,2.208333333333333,28
IND273304AAA,IND273014AAB,2.2,80
IND761200AAA,IND532001AAB,2.2,33
IND607106AAA,IND607801AAA,2.2,23
IND209206AAB,IND210301AAA,2.2,33
IND370110AAA,IND370001AAA,2.19375,24
IND160002AAC,IND147101AAA,2.1904761904761907,27
IND842003AAB,IND480886AAA,2.184659090909091,26
IND600032AAB,IND600076AAB,2.1833333333333336,64
IND731224AAA,IND742147AAA,2.1818181818181817,27
IND517501AAB,IND517583AAA,2.1818181818181817,45
IND713130AAA,IND741123AAB,2.1818181818181817,73
IND411033AAA,IND411014AAA,2.1818181818181817,90
IND135001AAA,IND173025AAA,2.1761538461538463,26
IND431514AAA,IND431515AAA,2.169934640522876,22
IND635802AAB,IND635601AAB,2.166666666666667,40
IND591307AAC,IND580028AAA,2.166666666666667,20
IND757037AAA,IND756100AAC,2.1666666666666665,39
IND854326AAB,IND852201AAA,2.1666666666666665,25
IND421302AAG,IND400102AAC,2.1666666666666665,136
IND530012AAC,IND501359AAE,2.1666666666666665,23
IND742401AAA,IND742102AAB,2.159090909090909,39
IND781018AAB,IND712311AAA,2.1589473684210527,118
IND842001AAA,IND846004AAA,2.158695652173913,54
IND517644AAA,IND524132AAA,2.1578947368421053,24
IND600056AAB,IND600116AAB,2.1547619047619047,56
IND421302AAG,IND400102AAB,2.1538461538461537,79
IND282002AAD,IND205001AAB,2.1497326203208553,40
IND600044AAD,IND603001AAA,2.145833333333333,36
IND631501AAA,IND631003AAA,2.142857142857143,21
IND531116AAA,IND530012AAA,2.142857142857143,21
IND607801AAA,IND606003AAA,2.142857142857143,37
IND577002AAA,IND581115AAC,2.142857142857143,52
IND302014AAB,IND302020AAA,2.1363636363636362,22
IND273014AAB,IND277303AAC,2.135632183908046,60
IND845455AAB,IND842001AAA,2.133928571428571,112
IND173025AAA,IND160002AAC,2.1318840579710145,40
IND802158AAB,IND821115AAB,2.128205128205128,29
IND521301AAA,IND521001AAA,2.125,31
IND382421AAA,IND382430AAB,2.125,51
IND452001AAC,IND425201AAA,2.125,21
IND313001AAB,IND327001AAB,2.125,49
IND600008AAA,IND600044AAC,2.125,45
IND600056AAB,IND600008AAC,2.125,120
IND842001AAA,IND845412AAB,2.125,27
IND533106AAA,IND501359AAE,2.1213235294117645,118
IND442101AAB,IND445001AAB,2.1176470588235294,25
IND485001AAC,IND471001AAA,2.1176470588235294,42
IND509103AAB,IND518002AAA,2.1176470588235294,21
IND845418AAB,IND845438AAA,2.1176470588235294,36
IND302014AAA,IND306401AAB,2.117647058823529,26
IND342902AAA,IND302014AAA,2.1171428571428574,40
IND577598AAB,IND573142AAA,2.1153846153846154,37
IND784176AAA,IND781018AAB,2.1132478632478633,24
IND532001AAB,IND532421AAA,2.111111111111111,25
IND402107AAA,IND402109AAA,2.111111111111111,57
IND282001AAF,IND283122AAB,2.111111111111111,25
IND843105AAB,IND848101AAA,2.111111111111111,27
IND412105AAC,IND411017AAA,2.1,53
IND421302AAG,IND444005AAB,2.1,336
IND342005AAD,IND342902AAA,2.0982142857142856,20
IND277201AAA,IND221706AAA,2.09375,24
IND205001AAB,IND209721AAB,2.088815789473684,24
IND341510AAB,IND305001AAC,2.0833333333333335,27
IND721253AAC,IND721306AAA,2.0833333333333335,20
IND500039AAD,IND501359AAE,2.0833333333333335,21
IND560099AAB,IND560085AAA,2.083333333333333,32
IND413531AAA,IND413517AAA,2.083333333333333,26
IND444602AAA,IND444005AAB,2.0788690476190474,80
IND441206AAB,IND442605AAA,2.076923076923077,35
IND560064AAD,IND560043AAC,2.0714285714285716,61
IND530012AAA,IND764001AAC,2.0625,34
IND302014AAB,IND302023AAA,2.0625,42
IND751002AAB,IND760003AAB,2.0588235294117645,86
IND136128AAA,IND136027AAA,2.0588235294117645,35
IND629179AAA,IND627005AAA,2.0588235294117645,31
IND249407AAA,IND246149AAA,2.0526315789473686,27
IND560300AAA,IND560078AAC,2.05,40
IND600056AAB,IND600016AAC,2.05,44
IND342005AAD,IND342601AAA,2.05,24
IND302014AAA,IND305001AAC,2.0488095238095236,84
IND415605AAA,IND415709AAA,2.0488095238095236,28
IND144001AAB,IND000000ACA,2.0454545454545454,63
IND815353AAA,IND814133AAB,2.043181818181818,24
IND813102AAA,IND812002AAA,2.0417391304347827,30
IND518422AAB,IND518102AAA,2.037847222222222,26
IND126112AAA,IND131028AAB,2.033333333333333,52
IND842001AAA,IND848114AAA,2.03125,48
IND845412AAB,IND845401AAA,2.025,26
IND411033AAA,IND431136AAC,2.0227272727272725,110
IND756100AAC,IND758034AAA,2.02027027027027,56
IND842001AAA,IND845418AAB,2.019230769230769,36
IND627401AAA,IND627005AAA,2.0185185185185186,20
IND610001AAA,IND605010AAB,2.0166666666666666,54
IND249407AAA,IND131028AAB,2.0161290322580645,100
IND533003AAA,IND533401AAA,2.0,39
IND563116AAA,IND563131AAB,2.0,22
IND688009AAA,IND686028AAB,2.0,27
IND583201AAA,IND583227AAA,2.0,30
IND209111AAA,IND285001AAD,2.0,46
IND641011AAA,IND641062AAD,2.0,23
IND574104AAA,IND574216AAA,2.0,25
IND605601AAA,IND607106AAA,2.0,25
IND209304AAA,IND209801AAA,2.0,64
IND203390AAA,IND201301AAF,2.0,59
IND208012AAA,IND209304AAA,2.0,20
IND591102AAA,IND591307AAC,2.0,30
IND585314AAA,IND585104AAA,2.0,41
IND847103AAA,IND847404AAB,2.0,29
IND786181AAC,IND786001AAB,2.0,75
IND000000AFT,IND410209AAA,2.0,66
IND110044AAB,IND201301AAF,2.0,20
IND000000ABG,IND501359AAF,2.0,24
IND785682AAA,IND786001AAB,2.0,21
IND854105AAB,IND851204AAA,2.0,20
IND847212AAA,IND847226AAA,2.0,40
IND600016AAB,IND600044AAC,2.0,78
IND631003AAA,IND600056AAB,2.0,27
IND160002AAC,IND144001AAB,2.0,76
IND620020AAA,IND621112AAA,2.0,42
IND606801AAB,IND632006AAA,2.0,33
IND532201AAA,IND532222AAA,2.0,31
IND560048AAB,IND562132AAA,2.0,59
IND431203AAA,IND431112AAB,2.0,56
IND444005AAB,IND421302AAG,2.0,398
IND712310AAE,IND711303AAA,2.0,75
IND500050AAA,IND501359AAE,2.0,62
IND451666AAA,IND424006AAA,2.0,25
IND144001AAC,IND160002AAC,2.0,186
IND143001AAA,IND144001AAB,2.0,72
IND501359AAE,IND508252AAB,2.0,21
IND501359AAE,IND533106AAA,2.0,170
IND506002AAA,IND506143AAA,2.0,26
IND500010AAB,IND501359AAE,2.0,139
IND721212AAA,IND712310AAE,2.0,63
IND462022AAA,IND465669AAB,2.0,27
IND321022AAA,IND121004AAB,2.0,53
IND742226AAA,IND742102AAB,2.0,33
IND764001AAC,IND764059AAA,2.0,25
IND416606AAA,IND416510AAA,2.0,28
IND415409AAB,IND415124AAA,2.0,21
IND342902A1B,IND302014AAA,2.0,90
IND362720AAA,IND362560AAA,2.0,54
IND421302AAG,IND400015AAB,2.0,130
IND127021AAA,IND127201AAA,2.0,24
IND411033AAA,IND411021AAA,2.0,41
IND411036AAA,IND411033AAA,2.0,86
IND413002AAA,IND413304AAA,2.0,50
IND121001AAA,IND121004AAB,2.0,31
IND121102AAA,IND121004AAB,2.0,46
IND382430AAB,IND382345AAA,2.0,45
IND382430AAB,IND380054AAA,2.0,69
IND382430AAB,IND380005AAA,2.0,86
IND853204AAA,IND851204AAA,1.992063492063492,30
IND421302AAG,IND410401AAA,1.9827586206896552,40
IND609001AAA,IND614018AAA,1.9821428571428572,24
IND570020AAA,IND571602AAA,1.9791666666666665,24
IND847404AAB,IND842001AAA,1.9782608695652173,24
IND524101AAB,IND517501AAB,1.9761904761904763,52
IND625008AAA,IND626123AAA,1.9722222222222223,36
IND312605AAB,IND458001AAB,1.9703703703703703,22
IND416602AAC,IND411033AAA,1.9642857142857144,58
IND845438AAA,IND845455AAB,1.962962962962963,23
IND495677AAA,IND496001AAA,1.962962962962963,23
IND811399AAA,IND110044AAB,1.9615384615384617,50
IND176048AAA,IND175015AAA,1.9555555555555555,29
IND209304AAA,IND208012AAA,1.9545454545454546,34
IND413002AAA,IND501359AAE,1.95,184
IND424006AAA,IND421302AAG,1.9467787114845938,60
IND533401AAA,IND533106AAA,1.9411764705882353,52
IND466116AAA,IND462022AAA,1.9411764705882353,39
IND500039AAC,IND508116AAA,1.9411764705882353,20
IND000000ACB,IND209304AAA,1.9393382352941178,144
IND431708AAA,IND431514AAA,1.9375,22
IND713205AAB,IND712311AAA,1.9375,67
IND243001AAA,IND243503AAB,1.9375,23
IND209304AAA,IND282001AAA,1.9375,88
IND390020AAA,IND391110AAD,1.9375,24
IND834002AAB,IND781018AAB,1.9285714285714286,31
IND395023AAA,IND421302AAG,1.9285714285714286,30
IND110037AAM,IND110035AAC,1.9166666666666667,59
IND532001AAB,IND532127AAA,1.9166666666666665,34
IND627756AAA,IND626117AAA,1.9130434782608696,24
IND508207AAB,IND521225AAB,1.9104278074866312,48
IND847226AAA,IND842001AAA,1.9090909090909092,79
IND421302AAG,IND395023AAA,1.9090909090909092,65
IND110037AAM,IND110085AAB,1.9090909090909092,35
IND140901AAA,IND160055AAA,1.9090909090909092,33
IND313001AAB,IND306401AAB,1.9090909090909092,103
IND712311AAA,IND713205AAB,1.9090909090909092,59
IND462022AAA,IND842003AAB,1.9055059523809523,84
IND363421AAB,IND364710AAA,1.9047619047619047,25
IND473331AAA,IND473226AAA,1.9,21
IND243503AAB,IND244901AAB,1.9,36
IND425201AAA,IND425508AAB,1.9,32
IND380054AAA,IND382430AAB,1.9,45
IND560002AAA,IND562132AAA,1.894736842105263,51
IND411033AAA,IND400072AAB,1.8944444444444444,40
IND461111AAA,IND460001AAA,1.8944444444444444,56
IND523226AAA,IND523316AAB,1.8932748538011697,36
IND421302AAG,IND462022AAA,1.8928571428571428,299
IND603102AAA,IND600056AAB,1.8923809523809523,32
IND583101AAA,IND577535AAC,1.8920454545454546,24
IND515761AAA,IND515004AAA,1.8888888888888888,51
IND614715AAA,IND614809AAA,1.8888888888888888,42
IND500080AAB,IND501359AAE,1.8888888888888888,45
IND68004AAA,IND683511AAA,1.8888888888888888,39
IND560300AAB,IND563130AAA,1.8888888888888888,35
IND756032AAA,IND712311AAA,1.8888888888888888,49
IND305001AAC,IND305901AAA,1.8823529411764706,45
IND305001AAC,IND306401AAB,1.8823529411764706,95
IND501359AAE,IND413002AAA,1.8819444444444444,110
IND680587AAA,IND683511AAA,1.880952380952381,22
IND575004AAB,IND562132AAA,1.880952380952381,26
IND843301AAA,IND843320AAA,1.88,22
IND712311AAA,IND721306AAA,1.8786764705882353,54
IND501359AAE,IND500010AAB,1.8786764705882353,122
IND515004AAA,IND515671AAA,1.875,22
IND364004AAB,IND365560AAA,1.875,25
IND402301AAA,IND402107AAA,1.875,95
IND580028AAA,IND590016AAA,1.875,58
IND560043AAC,IND562132AAA,1.875,39
IND306401AAB,IND305001AAC,1.875,238
IND152026AAA,IND000000ACA,1.875,87
IND382715AAA,IND382430AAB,1.8674812030075187,50
IND607001AAA,IND608001AAA,1.8666666666666667,20
IND000000ACA,IND160002AAC,1.8666666666666667,248
IND160002AAC,IND000000ACA,1.8666666666666667,101
IND263153AAB,IND244715AAA,1.8666666666666667,39
IND400102AAB,IND421302AAG,1.8660714285714286,42
IND246701AAA,IND246763AAA,1.8640350877192982,24
IND140301AAA,IND140901AAA,1.861904761904762,22
IND131028AAB,IND136118AAA,1.861904761904762,78
IND273014AAB,IND209304AAA,1.8574879227053138,30
IND722101AAA,IND722122AAA,1.8571428571428572,21
IND281401AAA,IND121004AAB,1.8571428571428572,21
IND313001AAB,IND312001AAA,1.8571428571428572,45
IND247667AAA,IND249407AAA,1.8571428571428572,26
IND382430AAB,IND313001AAB,1.8571428571428572,121
IND742223AAA,IND742226AAA,1.8571428571428572,42
IND413304AAA,IND413002AAA,1.8571428571428572,20
IND402109AAA,IND402301AAA,1.8571428571428572,95
IND281121AAB,IND110037AAM,1.8541666666666665,46
IND585104AAA,IND585211AAA,1.8541666666666665,60
IND518401AAA,IND518422AAB,1.8541666666666665,20
IND691551AAA,IND691001AAB,1.8541666666666665,64
IND741165AAB,IND742121AAB,1.853395061728395,22
IND411033AAA,IND431603AAA,1.85,203
IND283203AAA,IND110037AAM,1.85,107
IND786190AAA,IND792103AAB,1.8492647058823528,30
IND175015AAA,IND174001AAA,1.847457627118644,33
IND680587AAA,IND68004AAA,1.8474025974025974,30
IND395023AAA,IND396191AAC,1.8469785575048734,36
IND245304AAA,IND245101AAA,1.8461538461538463,25
IND585401AAA,IND502286AAB,1.8461538461538463,40
IND136027AAA,IND132039AAA,1.8461538461538463,33
IND395023AAD,IND395006AAA,1.8461538461538463,28
IND535001AAA,IND530012AAA,1.8461538461538463,47
IND322241AAA,IND322201AAA,1.8444444444444446,38
IND361001AAA,IND361305AAC,1.84375,36
IND695121AAA,IND695572AAB,1.8397435897435899,22
IND580028AAA,IND591123AAC,1.838793103448276,50
IND764071AAB,IND530012AAA,1.837837837837838,27
IND608301AAA,IND639104AAB,1.8377192982456139,78
IND518102AAA,IND518002AAA,1.837121212121212,60
IND160002AAC,IND110037AAM,1.836021505376344,80
IND144001AAC,IND000000ACA,1.8348214285714286,34
IND000000AEM,IND110037AAB,1.8333333333333333,31
IND507111AAA,IND507117AAB,1.8333333333333333,34
IND411014AAA,IND411033AAA,1.8333333333333333,35
IND585104AAA,IND585330AAE,1.8333333333333333,54
IND466001AAA,IND466116AAA,1.8333333333333333,21
IND614620AAA,IND630561AAA,1.8333333333333333,118
IND630561AAA,IND623407AAA,1.8333333333333333,55
IND743513AAA,IND743347AAA,1.8333333333333333,45
IND530012AAA,IND501359AAE,1.8333333333333333,143
IND854326AAB,IND852131AAA,1.8328173374613002,50
IND313001AAB,IND382430AAB,1.8284313725490196,110
IND587103AAB,IND582209AAA,1.826086956521739,39
IND000000ACB,IND160002AAC,1.8235294117647058,468
IND244001AAA,IND263153AAB,1.8225806451612903,52
IND261001AAA,IND262701AAA,1.8214285714285714,47
IND842001AAA,IND847212AAA,1.8210526315789473,84
IND160002AAC,IND143001AAA,1.8192934782608696,110
IND712311AAA,IND421302AAG,1.8192934782608696,296
IND301001AAB,IND321001AAB,1.818452380952381,38
IND641607AAA,IND641062AAD,1.8181818181818181,31
IND562132AAA,IND560043AAC,1.8181818181818181,33
IND638701AAA,IND641607AAA,1.8181818181818181,34
IND742102AAB,IND713130AAA,1.8181818181818181,78
IND487551AAA,IND464668AAA,1.8157894736842106,21
IND573142AAA,IND573201AAB,1.812937062937063,26
IND209304AAA,IND110037AAM,1.8125,36
IND421302AAG,IND834002AAB,1.8125,245
IND785001AAA,IND785682AAA,1.811764705882353,24
IND244901AAB,IND243002AAA,1.8095238095238095,45
IND600056AAB,IND600032AAB,1.809090909090909,124
IND388220AAA,IND388320AAA,1.809090909090909,32
IND365560AAA,IND365560AAB,1.8083333333333333,20
IND331507AAA,IND302014AAA,1.8078817733990147,24
IND591302AAB,IND580028AAA,1.8055555555555554,28
IND302014AAB,IND302006AAC,1.801282051282051,34
IND581325AAA,IND580028AAA,1.800189393939394,36
IND515301AAA,IND561202AAB,1.8,24
IND400072AAB,IND421302AAR,1.8,51
IND000000AFR,IND683511AAA,1.8,21
IND396580AAB,IND396321AAA,1.8,25
IND582209AAA,IND582101AAB,1.8,24
IND572101AAA,IND561203AAB,1.8,66
IND431136AAC,IND431203AAA,1.8,90
IND396321AAA,IND396580AAB,1.8,69
IND506132AAA,IND122001AAJ,1.7947368421052632,28
IND422103AAC,IND422605AAA,1.7916666666666665,36
IND506167AAB,IND501359AAE,1.7894736842105263,65
IND416012AAA,IND415003AAA,1.7857142857142858,35
IND209304AAA,IND208006AAA,1.7857142857142856,30
IND501359AAE,IND411033AAA,1.7817460317460316,432
IND387001AAA,IND388220AAA,1.7777777777777777,29
IND422011AAD,IND421302AAG,1.7777777777777777,83
IND177033AAA,IND160002AAC,1.7777777777777777,91
IND144001AAA,IND144040AAA,1.7777777777777777,24
IND251309AAB,IND131028AAB,1.7777777777777777,21
IND501359AAE,IND751002AAB,1.7777777777777777,302
IND000000ACB,IND110043AAA,1.7777777777777777,63
IND312605AAB,IND313001AAB,1.7777272727272728,42
IND396191AAC,IND421302AAG,1.777504105090312,42
IND683565AAA,IND683511AAA,1.7774725274725274,20
IND302014AAB,IND302006AAA,1.775,22
IND585330AAE,IND585401AAA,1.7735042735042734,38
IND123401AAB,IND123106AAB,1.7727272727272727,21
IND110037AAM,IND282001AAA,1.7692307692307692,31
IND625106AAA,IND625008AAA,1.7678571428571428,24
IND403702AAA,IND575004AAB,1.7676470588235293,96
IND562132AAA,IND712311AAA,1.7669683257918551,216
IND581314AAA,IND403726AAA,1.7666666666666666,37
IND403726AAA,IND575004AAB,1.76497277676951,28
IND421302AAG,IND712311AAA,1.7647058823529411,586
IND723202AAA,IND713205AAB,1.7647058823529411,69
IND462022AAA,IND209304AAA,1.7647058823529411,420
IND313324AAA,IND313001AAB,1.7647058823529411,27
IND781018AAB,IND110037AAM,1.7647058823529411,799
IND751002AAB,IND562132AAA,1.7647058823529411,594
IND000000ACT,IND160002AAC,1.7647058823529411,150
IND501359AAE,IND712311AAA,1.7633053221288515,110
IND505184AAC,IND505001AAB,1.7619047619047619,27
IND263401AAA,IND263153AAB,1.7596153846153846,26
IND507002AAA,IND508213AAB,1.7573529411764706,36
IND723130AAA,IND723101AAA,1.7573529411764706,22
IND202001AAB,IND282002AAD,1.7573529411764706,28
IND518002AAA,IND518401AAA,1.7571428571428571,20
IND000000ACB,IND110024AAA,1.7571428571428571,36
IND131028AAB,IND247667AAB,1.7517482517482517,84
IND829122AAA,IND825301AAA,1.7507739938080495,24
IND110037AAM,IND781018AAB,1.7507739938080495,68
IND388620AAB,IND388320AAA,1.75,45
IND000000ACB,IND821115AAB,1.75,628
IND670643AAA,IND673632AAA,1.75,27
IND421302AAG,IND382430AAB,1.75,258
IND751002AAB,IND712311AAA,1.75,383
IND125001AAA,IND110037AAM,1.75,67
IND362001AAA,IND362220AAA,1.75,40
IND121004AAB,IND121004AAA,1.75,40
IND532001AAB,IND530012AAA,1.75,199
IND501359AAE,IND500039AAC,1.75,23
IND731301AAA,IND713205AAB,1.75,43
IND732103AAB,IND733128AAA,1.75,30
IND577501AAA,IND577002AAA,1.75,27
IND600032AAB,IND600056AAB,1.75,201
IND614809AAA,IND610001AAA,1.75,63
IND562132AAA,IND751002AAB,1.75,708
IND563131AAB,IND563116AAA,1.75,26
IND501359AAE,IND506002AAA,1.75,82
IND501359AAE,IND462022AAA,1.75,487
IND416510AAA,IND416606AAA,1.75,53
IND422605AAA,IND413709AAA,1.75,38
IND201007AAA,IND245304AAA,1.75,40
IND733140AAA,IND733102AAA,1.7424242424242424,24
IND574221AAA,IND562132AAA,1.736842105263158,47
IND560002AAA,IND560099AAB,1.7357954545454546,28
IND673592AAA,IND562132AAA,1.7352941176470589,109
IND160002AAC,IND000000ACB,1.7333333333333334,593
IND560060AAB,IND562132AAA,1.7333333333333334,44
IND160002AAC,IND131028AAB,1.7333333333333334,96
IND421302AAG,IND501359AAE,1.7333333333333334,587
IND134203AAA,IND140501AAA,1.7321428571428572,32
IND248001AAD,IND131028AAB,1.7312834224598932,128
IND751002AAB,IND756100AAC,1.7277777777777779,40
IND600044AAE,IND600056AAB,1.7272727272727273,75
IND140301AAA,IND140001AAA,1.7272727272727273,30
IND573201AAB,IND572201AAB,1.7272727272727273,27
IND175101AAA,IND160002AAC,1.7233400402414487,32
IND263601AAA,IND262501AAA,1.7211538461538463,30
IND110037AAK,IND000000ACB,1.7207792207792207,156
IND160002AAC,IND142001AAB,1.719607843137255,98
IND783348AAA,IND783129AAA,1.7185185185185186,24
IND581110AAE,IND581119AAB,1.7142857142857142,82
IND521185AAA,IND521225AAB,1.7142857142857142,36
IND641062AAD,IND643231AAA,1.7142857142857142,61
IND641062AAD,IND638401AAA,1.7142857142857142,51
IND140001AAA,IND140118AAA,1.7142857142857142,30
IND530012AAA,IND532001AAB,1.7142857142857142,209
IND606201AAC,IND605601AAA,1.7142857142857142,121
IND121004AAB,IND121102AAA,1.7142857142857142,164
IND424006AAA,IND424101AAA,1.7142857142857142,51
IND306401AAB,IND342005AAD,1.7142857142857142,51
IND201301AAL,IND201301AAF,1.712820512820513,22
IND248001AAA,IND131028AAB,1.7105263157894737,73
IND722122AAA,IND713205AAB,1.7100840336134453,30
IND460001AAA,IND480334AAA,1.7083333333333335,60
IND606003AAA,IND606105AAA,1.7083333333333335,24
IND395023AAA,IND411033AAA,1.7083333333333333,151
IND423601AAA,IND423701AAB,1.7076923076923078,30
IND360530AAB,IND362001AAA,1.707142857142857,84
IND000000ACB,IND201301AAM,1.7058823529411764,241
IND571426AAA,IND571104AAA,1.7058823529411764,33
IND723101AAA,IND723202AAA,1.7049689440993787,20
IND131028AAB,IND251001AAA,1.7037037037037037,33
IND508223AAA,IND500039AAC,1.7018518518518517,42
IND508213AAB,IND508001AAA,1.7003205128205128,24
IND515865AAB,IND515761AAA,1.7003205128205128,32
IND411033AAA,IND411036AAA,1.7,77
IND713364AAB,IND712311AAA,1.6966911764705883,36
IND600110AAA,IND600056AAB,1.6961538461538461,40
IND600056AAB,IND501359AAE,1.6956521739130435,115
IND124141AAA,IND000000ACB,1.6954022988505746,38
IND110037AAM,IND121004AAB,1.6923076923076923,107
IND413401AAA,IND411033AAA,1.6923076923076923,140
IND560300AAA,IND560099AAB,1.6923076923076923,351
IND110085AAB,IND000000ACB,1.6923076923076923,31
IND573201AAB,IND573116AAA,1.6904761904761905,22
IND600056AAB,IND600110AAA,1.688259109311741,100
IND585104AAA,IND585314AAA,1.6875,20
IND263153AAB,IND131028AAB,1.6875,154
IND421302AAG,IND422011AAD,1.6875,96
IND341303AAA,IND341306AAA,1.6875,24
IND382430AAB,IND389001AAA,1.6842105263157894,85
IND821115AAB,IND000000ACB,1.6842105263157894,182
IND573116AAA,IND571432AAB,1.6833333333333333,20
IND518002AAA,IND501359AAE,1.6833333333333333,64
IND125001AAA,IND335513AAA,1.6818181818181819,37
IND600016AAC,IND600119AAA,1.681159420289855,22
IND421302AAG,IND411033AAA,1.680909090909091,294
IND516390AAA,IND515004AAA,1.68,48
IND411033AAA,IND403726AAA,1.6787469287469288,252
IND421302AAG,IND000000ACB,1.6785714285714286,975
IND673573AAA,IND673592AAA,1.678235294117647,22
IND421302AAG,IND413002AAA,1.6774193548387097,113
IND481661AAA,IND842003AAB,1.6756756756756757,28
IND302014AAA,IND313001AAB,1.6754385964912282,148
IND148028AAA,IND147001AAB,1.6754385964912282,24
IND160002AAC,IND421302AAG,1.6754385964912282,58
IND503111AAC,IND503185AAA,1.66699604743083,48
IND282001AAA,IND110037AAM,1.6666666666666667,81
IND515004AAA,IND515401AAB,1.6666666666666667,45
IND515134AAA,IND515201AAA,1.6666666666666667,54
IND532421AAA,IND532201AAA,1.6666666666666667,25
IND508001AAA,IND501359AAE,1.6666666666666667,60
IND523002AAA,IND600056AAB,1.6666666666666667,102
IND121004AAB,IND000000ACB,1.6666666666666667,163
IND520011AAA,IND521185AAA,1.6666666666666667,41
IND382430AAB,IND395023AAA,1.6666666666666667,260
IND562132AAA,IND560058AAD,1.6666666666666667,59
IND581115AAC,IND581110AAE,1.6666666666666667,50
IND212501AAA,IND212402AAA,1.6666666666666667,27
IND501359AAE,IND500050AAA,1.6666666666666667,50
IND431136AAC,IND411033AAA,1.6666666666666667,90
IND583227AAA,IND583231AAA,1.6666666666666667,45
IND441904AAB,IND441912AAA,1.6666666666666667,24
IND458001AAB,IND458990AAA,1.6666666666666667,20
IND160102AAC,IND160002AAC,1.6666666666666667,92
IND610001AAA,IND614715AAA,1.6666666666666667,42
IND603301AAA,IND600044AAD,1.6666666666666667,88
IND201301AAM,IND000000ACB,1.6666666666666667,169
IND421302AAG,IND110037AAM,1.6666666666666667,761
IND560058AAD,IND562132AAA,1.6666666666666667,63
IND000000ACB,IND121002AAB,1.6666666666666667,270
IND500010AAA,IND501359AAE,1.6666666666666667,29
IND821115AAB,IND209304AAA,1.6666666666666667,219
IND000000ACB,IND712311AAA,1.6666666666666667,2180
IND131028AAB,IND247667AAA,1.6666666666666665,24
IND501359AAE,IND000000ACB,1.6656346749226005,56
IND502286AAB,IND502220AAC,1.6625,40
IND631102AAA,IND600056AAB,1.660919540229885,36
IND000000ACB,IND282002AAD,1.6594202898550725,48
IND518002AAA,IND584101AAA,1.6533333333333333,44
IND423701AAB,IND422011AAD,1.6515151515151516,154
IND303503AAA,IND302014AAB,1.6515151515151516,54
IND121002AAB,IND000000ACB,1.6515151515151516,124
IND160102AAD,IND160002AAC,1.6507936507936507,26
IND458990AAA,IND312605AAB,1.65,27
IND306401AAB,IND302014AAA,1.65,177
IND465001AAA,IND462022AAA,1.65,24
IND600056AAB,IND632006AAA,1.6470588235294117,51
IND000000ACA,IND144001AAB,1.6470588235294117,45
IND000000ACB,IND421302AAG,1.6470588235294117,1464
IND421302AAG,IND160002AAC,1.6470588235294117,59
IND508248AAB,IND508377AAB,1.6470588235294117,25
IND533106AAA,IND530012AAA,1.6470588235294117,72
IND322201AAA,IND303503AAA,1.6458333333333335,42
IND577201AAA,IND562132AAA,1.6449579831932772,90
IND141003AAB,IND142026AAA,1.6449579831932772,36
IND571105AAA,IND571213AAA,1.6442687747035574,20
IND501359AAE,IND500010AAA,1.6442687747035574,40
IND532127AAA,IND535591AAA,1.6428571428571428,50
IND591304AAA,IND586101AAA,1.6421052631578947,24
IND600116AAB,IND602024AAA,1.6402714932126696,20
IND411033AAA,IND521225AAB,1.6396103896103895,306
IND201301AAF,IND203205AAA,1.637837837837838,22
IND209304AAA,IND221313AAA,1.6375,42
IND403726AAA,IND581303AAA,1.6363636363636365,33
IND322230AAA,IND322241AAA,1.6333333333333333,30
IND560300AAB,IND563101AAB,1.6333333333333333,68
IND563131AAA,IND563125AAB,1.6306818181818183,50
IND521225AAB,IND501359AAE,1.6306818181818183,120
IND561202AAB,IND515134AAA,1.6306818181818183,72
IND160002AAC,IND160102AAC,1.6306818181818183,76
IND457001AAA,IND382430AAB,1.6290849673202614,36
IND523316AAB,IND522647AAA,1.6290849673202614,36
IND560099AAB,IND560078AAC,1.6282894736842106,44
IND562132AAA,IND302014AAA,1.625,974
IND515591AAA,IND516269AAA,1.625,27
IND390022AAA,IND395023AAA,1.625,140
IND586128AAA,IND586211AAA,1.625,36
IND000000ACB,IND125001AAA,1.625,77
IND121004AAB,IND121001AAA,1.625,25
IND562132AAA,IND580028AAA,1.625,46
IND302022AAD,IND000000ACB,1.625,153
IND000000ACB,IND842001AAA,1.625,559
IND000000ACB,IND328001AAA,1.6203703703703702,30
IND342301AAA,IND342005AAD,1.6201923076923077,42
IND110037AAM,IND421302AAG,1.619047619047619,761
IND535558AAA,IND535501AAB,1.619047619047619,27
IND332001AAB,IND333042AAA,1.6181818181818182,26
IND530043AAA,IND531163AAA,1.6181818181818182,24
IND110037AAM,IND209304AAA,1.6180555555555556,340
IND503187AAA,IND503122AAA,1.6159420289855073,30
IND504215AAA,IND505001AAB,1.6122994652406417,36
IND712311AAA,IND000000ACB,1.6111111111111112,594
IND000000ACB,IND600056AAB,1.6111111111111112,775
IND142001AAB,IND152026AAA,1.6111111111111112,91
IND395023AAA,IND110037AAM,1.6111111111111112,645
IND209304AAA,IND000000ACB,1.6111111111111112,465
IND160002AAC,IND173212AAA,1.608695652173913,40
IND382430AAB,IND364004AAB,1.6076923076923078,70
IND521225AAB,IND521301AAA,1.6071428571428572,32
IND854335AAA,IND852111AAA,1.6066176470588234,20
IND261201AAB,IND261001AAA,1.6055555555555556,32
IND509001AAA,IND509203AAA,1.6011904761904763,32
IND125001AAA,IND335524AAA,1.601010101010101,30
IND563125AAB,IND560300AAB,1.6,29
IND413002AAA,IND421302AAG,1.6,126
IND515004AAA,IND501359AAE,1.6,208
IND302014AAB,IND302004AAA,1.6,41
IND413709AAA,IND423109AAA,1.6,33
IND400701AAA,IND410206AAA,1.6,41
IND000000ACB,IND382430AAB,1.6,487
IND562132AAA,IND560085AAA,1.6,45
IND834002AAB,IND000000ACB,1.6,423
IND000000ACB,IND501359AAE,1.6,1355
IND125005AAA,IND335513AAA,1.6,21
IND501359AAE,IND585104AAA,1.6,135
IND211002AAB,IND209304AAA,1.6,108
IND000000ACB,IND110030AAD,1.6,93
IND000000ACB,IND124103AAA,1.6,23
IND382430AAB,IND000000ACB,1.6,449
IND641654AAA,IND641664AAA,1.6,26
IND421302AAG,IND131028AAB,1.6,581
IND814133AAB,IND816109AAA,1.5962962962962963,22
IND110030AAD,IND000000ACB,1.595959595959596,28
IND523002AAA,IND523230AAA,1.5941176470588236,54
IND524132AAA,IND524101AAB,1.5916666666666668,22
IND632006AAA,IND600056AAB,1.5912698412698414,56
IND712311AAA,IND834002AAB,1.5909090909090908,167
IND786001AAB,IND786602AAA,1.5902777777777777,24
IND721134AAB,IND721139AAC,1.5902777777777777,26
IND712311AAA,IND751002AAB,1.5895721925133688,320
IND000000ACB,IND302014AAA,1.588235294117647,243
IND600056AAB,IND560099AAB,1.588235294117647,122
IND362560AAA,IND362150AAA,1.588235294117647,52
IND826004AAA,IND821115AAB,1.588235294117647,49
IND825409AAA,IND000000ACB,1.588235294117647,394
IND530012AAC,IND533106AAA,1.5833333333333335,24
IND000000ACB,IND121004AAB,1.5833333333333333,115
IND385535AAA,IND384205AAA,1.581168831168831,48
IND562132AAA,IND462022AAA,1.5789473684210527,520
IND389001AAA,IND389151AAA,1.5789473684210527,51
IND503122AAA,IND502110AAA,1.5788177339901477,30
IND751002AAB,IND530012AAA,1.5778225806451611,84
IND110044AAB,IND131028AAB,1.577777777777778,144
IND110037AAM,IND000000ACB,1.5762962962962963,20
IND605601AAA,IND600056AAB,1.5750000000000002,36
IND000000ACB,IND125005AAA,1.5750000000000002,28
IND518501AAA,IND518124AAA,1.5742753623188406,26
IND410401AAA,IND421302AAG,1.5741758241758241,28
IND302014AAB,IND303901AAA,1.5727272727272728,24
IND503185AAA,IND503187AAA,1.572463768115942,30
IND000000AEL,IND000000ACB,1.5714285714285714,83
IND842001AAA,IND854326AAB,1.5714285714285714,165
IND691506AAA,IND691305AAA,1.5714285714285714,34
IND285001AAD,IND285205AAB,1.5714285714285714,36
IND395023AAA,IND382430AAB,1.5714285714285714,120
IND600056AAB,IND600044AAE,1.5714285714285714,82
IND563101AAB,IND563131AAA,1.5714285714285714,37
IND586211AAA,IND585314AAA,1.5714285714285714,81
IND621212AAA,IND621704AAA,1.5714285714285714,23
IND110052AAA,IND000000ACB,1.5714285714285714,55
IND125001AAA,IND000000ACB,1.5714285714285714,63
IND131028AAB,IND160002AAC,1.5707236842105263,200
IND501359AAE,IND509358AAA,1.5681818181818183,24
IND494334AAB,IND493445AAB,1.5653409090909092,48
IND501359AAE,IND500080AAB,1.5625,49
IND560043AAC,IND560099AAB,1.5625,53
IND000000ACB,IND390022AAA,1.5625,384
IND000000AEM,IND110064AAB,1.5625,59
IND131028AAB,IND244001AAA,1.5625,125
IND122004AAA,IND122413AAE,1.5625,135
IND457226AAA,IND382430AAB,1.5603197674418605,176
IND854326AAB,IND000000ACB,1.56,647
IND140118AAA,IND160002AAC,1.56,65
IND581400AAB,IND581325AAA,1.5593220338983051,27
IND395023AAA,IND390022AAA,1.5590277777777777,52
IND306401AAB,IND343001AAA,1.5584415584415585,20
IND000000ACB,IND110037AAK,1.5555555555555556,109
IND679531AAA,IND680587AAA,1.5555555555555556,24
IND585222AAA,IND585307AAB,1.5555555555555556,64
IND303603AAB,IND302014AAB,1.5555555555555556,35
IND380006AAA,IND382430AAB,1.5555555555555556,26
IND124103AAA,IND127021AAA,1.5517241379310345,24
IND673632AAA,IND683511AAA,1.55,24
IND390022AAA,IND382430AAB,1.55,33
IND673104AAA,IND673506AAA,1.55,26
IND635802AAB,IND562132AAA,1.5458333333333334,34
IND639001AAA,IND624001AAA,1.5454545454545454,21
IND585314AAA,IND586211AAA,1.5454545454545454,27
IND591123AAC,IND587103AAB,1.5454545454545454,30
IND000000ACB,IND834002AAB,1.5454545454545454,497
IND501359AAE,IND500008AAC,1.5444444444444445,30
IND470117AAA,IND470227AAB,1.5441176470588234,20
IND626123AAA,IND627756AAA,1.542997542997543,24
IND515801AAA,IND515865AAB,1.541958041958042,64
IND577002AAA,IND580028AAA,1.539705882352941,60
IND282001AAA,IND000000ACB,1.5393939393939395,32
IND000000ACB,IND110043AAC,1.5384615384615385,35
IND396001AAA,IND395023AAD,1.5384615384615385,27
IND000000ACT,IND131028AAB,1.5384615384615385,151
IND563131AAB,IND560300AAB,1.5357142857142856,34
IND842003AAB,IND487001AAB,1.5357142857142856,20
IND600044AAD,IND600056AAB,1.5357142857142856,42
IND160002AAC,IND151001AAA,1.5333333333333334,105
IND411033AAA,IND501359AAE,1.5333333333333334,215
IND562132AAA,IND560058AAB,1.5333333333333334,25
IND302014AAA,IND000000ACB,1.5333333333333334,178
IND562132AAA,IND411033AAA,1.5333333333333334,374
IND683511AAA,IND000000ADM,1.5333333333333332,24
IND341001AAC,IND341303AAA,1.5327272727272727,24
IND503111AAC,IND501359AAE,1.5313725490196077,72
IND332001AAB,IND334001AAB,1.5294117647058822,81
IND530012AAA,IND751002AAB,1.5294117647058822,57
IND524003AAA,IND501359AAE,1.5294117647058822,203
IND560043AAC,IND560064AAA,1.5294117647058822,41
IND000000ACB,IND302022AAD,1.5294117647058822,99
IND600056AAB,IND524003AAA,1.5294117647058822,77
IND504293AAA,IND505001AAB,1.5294117647058822,25
IND580028AAA,IND562132AAA,1.5294117647058822,48
IND421302AAG,IND562132AAA,1.5294117647058822,899
IND144001AAB,IND143001AAA,1.5285714285714285,60
IND826004AAA,IND209304AAA,1.5277777777777777,64
IND247554AAA,IND248001AAA,1.5263157894736843,40
IND509301AAA,IND501359AAE,1.5263157894736843,33
IND811399AAA,IND209304AAA,1.5238095238095237,153
IND125005AAA,IND000000ACB,1.5238095238095237,35
IND416012AAA,IND395023AAA,1.5238095238095237,238
IND509203AAA,IND509301AAA,1.5238095238095237,31
IND244221AAA,IND131028AAB,1.5238095238095237,95
IND411033AAA,IND562132AAA,1.5238095238095237,271
IND110037AAM,IND202001AAB,1.52,121
IND203135AAA,IND203396AAB,1.52,21
IND110044AAB,IND110030AAD,1.5192307692307692,42
IND000000ACB,IND000000AEL,1.5192307692307692,102
IND521225AAB,IND521201AAA,1.5192307692307692,36
IND591201AAA,IND591304AAA,1.5185185185185186,27
IND000000ACB,IND124112AAA,1.5185185185185186,25
IND362150AAA,IND362001AAA,1.5166666666666666,44
IND614616AAA,IND630002AAA,1.5151515151515151,25
IND184104AAA,IND160002AAC,1.5151515151515151,47
IND501359AAE,IND515004AAA,1.5147058823529411,98
IND562132AAA,IND577598AAC,1.5147058823529411,54
IND184121AAA,IND160002AAC,1.5146198830409356,52
IND577535AAC,IND577522AAA,1.5119047619047619,20
IND532440AAA,IND532001AAB,1.5108695652173914,30
IND584101AAA,IND509124AAA,1.51,36
IND621010AAA,IND621212AAA,1.51,26
IND471001AAA,IND472001AAA,1.51,36
IND562132AAA,IND560078AAC,1.5,57
IND562132AAA,IND560048AAB,1.5,56
IND501359AAE,IND562132AAA,1.5,109
IND501359AAE,IND501141AAA,1.5,60
IND501359AAE,IND509001AAA,1.5,59
IND501359AAE,IND523002AAA,1.5,108
IND581119AAB,IND577002AAA,1.5,46
IND585211AAA,IND585222AAA,1.5,43
IND493118AAC,IND495334AAB,1.5,40
IND638657AAA,IND638701AAA,1.5,45
IND628801AAA,IND628204AAA,1.5,20
IND160002AAC,IND562132AAA,1.5,80
IND160002AAC,IND184104AAA,1.5,72
IND623315AAB,IND614620AAA,1.5,44
IND606105AAA,IND606201AAC,1.5,62
IND000000ACB,IND521225AAB,1.5,622
IND562132AAA,IND583101AAA,1.5,77
IND581303AAA,IND581400AAB,1.5,22
IND411033AAA,IND580028AAA,1.5,57
IND691574AAA,IND695614AAA,1.5,36
IND560099AAB,IND560300AAA,1.5,465
IND561203AAB,IND562101AAA,1.5,33
IND335001AAA,IND125104AAA,1.5,28
IND000000ADV,IND600044AAC,1.5,64
IND781022AAA,IND781018AAB,1.5,20
IND395023AAA,IND562132AAA,1.5,743
IND131021AAA,IND131028AAA,1.5,69
IND209304AAA,IND209206AAB,1.5,49
IND000000ACB,IND751002AAB,1.5,793
IND000000ACB,IND562132AAA,1.5,4121
IND110043AAA,IND110078AAA,1.5,53
IND360575AAA,IND360510AAB,1.5,31
IND680712AAA,IND683511AAA,1.5,28
IND413002AAA,IND413501AAA,1.5,48
IND560078AAC,IND562132AAA,1.5,43
IND560058AAB,IND562132AAA,1.5,25
IND560058AAB,IND560060AAB,1.5,65
IND516269AAA,IND516390AAA,1.5,46
IND384355AAB,IND385001AAA,1.5,21
IND518002AAA,IND518501AAA,1.5,48
IND854326AAB,IND854311AAA,1.5,36
IND000000ACA,IND142001AAB,1.5,28
IND000000ACB,IND411033AAA,1.5,1011
IND403726AAA,IND411033AAA,1.5,165
IND411033AAA,IND000000ACB,1.5,770
IND509216AAC,IND501359AAE,1.5,28
IND515671AAA,IND515134AAA,1.5,22
IND140901AAA,IND160002AAC,1.4939393939393941,64
IND480334AAA,IND480106AAA,1.4907407407407407,30
IND312001AAA,IND311001AAA,1.4880952380952381,24
IND535501AAB,IND532440AAA,1.4880952380952381,30
IND507117AAB,IND507303AAA,1.486842105263158,64
IND581402AAA,IND577401AAA,1.4864864864864864,21
IND502220AAC,IND501359AAE,1.4791666666666665,100
IND416122AAA,IND395023AAA,1.4782608695652173,23
IND411021AAA,IND411033AAA,1.4772727272727273,30
IND411033AAA,IND416012AAA,1.474937343358396,100
IND505001AAB,IND504208AAB,1.4741379310344827,28
IND501359AAE,IND518002AAA,1.4736842105263157,110
IND562132AAA,IND421302AAG,1.4736842105263157,145
IND562132AAA,IND573201AAB,1.4705882352941178,77
IND480001AAA,IND480661AAA,1.4705882352941178,24
IND411033AAA,IND413002AAA,1.4666666666666666,240
IND390022AAA,IND388320AAA,1.4642857142857144,60
IND792103AAB,IND792001AAA,1.4642857142857144,40
IND413304AAA,IND415301AAB,1.4615384615384615,23
IND562132AAA,IND000000ACB,1.4583333333333333,2868
IND160002AAC,IND174001AAA,1.4583333333333333,70
IND209304AAA,IND206122AAA,1.4575163398692812,46
IND580028AAA,IND581402AAA,1.456439393939394,48
IND000000ACB,IND110085AAB,1.4545454545454546,127
IND600056AAB,IND530012AAA,1.4545454545454546,47
IND000000ACB,IND462022AAA,1.4516129032258065,328
IND312403AAA,IND312001AAA,1.45,24
IND131028AAB,IND244235AAA,1.4472222222222222,96
IND641664AAA,IND638657AAA,1.4444444444444444,44
IND206122AAA,IND206001AAA,1.4444444444444444,45
IND585104AAA,IND586128AAA,1.4444444444444444,72
IND571432AAB,IND571426AAA,1.4444444444444444,26
IND712311AAA,IND826004AAA,1.4444444444444444,65
IND562132AAA,IND501359AAE,1.4444444444444444,87
IND000000ACB,IND201007AAA,1.4444444444444444,35
IND636705AAB,IND562132AAA,1.4402298850574713,24
IND712311AAA,IND821115AAB,1.4375,23
IND580028AAA,IND421302AAG,1.4375,23
IND209304AAA,IND212601AAA,1.4355263157894735,56
IND533308AAB,IND533003AAA,1.4347319347319347,22
IND673506AAA,IND670643AAA,1.4330357142857144,28
IND384205AAA,IND382715AAA,1.4328703703703702,36
IND685514AAA,IND625008AAA,1.4325757575757576,40
IND560083AAB,IND562132AAA,1.430952380952381,82
IND465683AAA,IND465001AAA,1.4285714285714286,33
IND562132AAA,IND560099AAB,1.4285714285714286,392
IND636016AAA,IND637211AAA,1.4285714285714286,65
IND302014AAB,IND303008AAB,1.4285714285714286,35
IND110044AAB,IND000000ACB,1.4285714285714286,359
IND302014AAA,IND110037AAM,1.4285714285714286,154
IND711303AAA,IND721134AAB,1.4285714285714286,28
IND110037AAM,IND226004AAC,1.4281045751633987,20
IND515004AAA,IND562132AAA,1.4248120300751879,48
IND000000ABD,IND562132AAA,1.4230769230769231,117
IND206001AAA,IND000000ACB,1.4230769230769231,195
IND332404AAA,IND332001AAB,1.4210526315789473,31
IND521225AAB,IND507002AAA,1.4210526315789473,57
IND175001AAA,IND175101AAA,1.4201977401129944,30
IND680012AAA,IND679303AAA,1.4166666666666667,45
IND600056AAB,IND600076AAB,1.4166666666666665,32
IND508377AAB,IND501359AAE,1.4137931034482758,35
IND577522AAA,IND562132AAA,1.4127789046653145,64
IND562132AAA,IND416012AAA,1.411764705882353,200
IND413501AAA,IND413401AAA,1.4090909090909092,32
IND600056AAB,IND605010AAB,1.4074074074074074,65
IND562132AAA,IND560300AAA,1.4058823529411764,468
IND560099AAB,IND562132AAA,1.4,328
IND518002AAA,IND562132AAA,1.4,125
IND151001AAA,IND160002AAC,1.4,128
IND333042AAA,IND333031AAA,1.4,36
IND642001AAA,IND641062AAD,1.4,78
IND691001AAB,IND691506AAA,1.4,53
IND600056AAB,IND600044AAD,1.4,21
IND600056AAB,IND562132AAA,1.4,182
IND562132AAA,IND560083AAB,1.4,155
IND585104AAA,IND585307AAB,1.4,28
IND344022AAB,IND344001AAA,1.4,32
IND244235AAA,IND244901AAB,1.3944444444444444,64
IND474003AAA,IND000000ACB,1.3928571428571428,239
IND362001AAA,IND360575AAA,1.3923076923076922,80
IND136118AAA,IND136128AAA,1.3904761904761904,36
IND160002AAC,IND140301AAA,1.3888888888888888,32
IND282002AAD,IND474003AAA,1.3851851851851853,32
IND560099AAB,IND560043AAC,1.3846153846153846,83
IND622407AAA,IND622001AAA,1.3846153846153846,24
IND523230AAA,IND523105AAA,1.380952380952381,43
IND302014AAA,IND301001AAB,1.3796653796653797,90
IND411033AAA,IND421302AAG,1.3793103448275863,411
IND560099AAB,IND683511AAA,1.3793103448275863,207
IND560048AAB,IND560099AAB,1.3764705882352941,36
IND560300AAA,IND562132AAA,1.375,312
IND000000ACB,IND110095AAB,1.375,206
IND562132AAA,IND560060AAB,1.375,41
IND110037AAM,IND201001AAC,1.375,28
IND000000ACB,IND110064AAA,1.3693181818181817,226
IND641062AAD,IND642126AAA,1.3693181818181817,90
IND305624AAA,IND305404AAA,1.3636363636363635,21
IND628613AAA,IND627005AAA,1.3636363636363635,33
IND263153AAB,IND263002AAA,1.3585714285714285,34
IND322001AAC,IND302014AAB,1.3541666666666665,34
IND560060AAB,IND560099AAB,1.3541666666666665,34
IND637211AAA,IND636402AAA,1.3541666666666665,80
IND605601AAA,IND636102AAA,1.35,25
IND244901AAB,IND246725AAB,1.35,52
IND600056AAB,IND605601AAA,1.348913043478261,30
IND630002AAA,IND622407AAA,1.3484848484848484,24
IND683511AAA,IND562132AAA,1.3461538461538463,126
IND562132AAA,IND600056AAB,1.3461538461538463,143
IND816107AAA,IND826004AAA,1.3453947368421053,56
IND843109AAB,IND843126AAA,1.3351648351648353,22
IND370201AAA,IND363330AAB,1.3333333333333333,36
IND638501AAB,IND641062AAD,1.3333333333333333,71
IND388121AAA,IND388620AAB,1.3333333333333333,39
IND122001AAA,IND000000ACB,1.3333333333333333,57
IND735224AAA,IND736146AAA,1.3333333333333333,23
IND110092AAC,IND000000ACB,1.3333333333333333,41
IND642126AAA,IND642001AAA,1.3333333333333333,47
IND683511AAA,IND68004AAA,1.3333333333333333,22
IND000000ACT,IND000000ACB,1.3333333333333333,237
IND000000ACB,IND122001AAA,1.3333333333333333,179
IND303301AAB,IND303303AAA,1.3333333333333333,31
IND562132AAC,IND000000ACB,1.3333333333333333,78
IND382430AAB,IND384205AAA,1.3333333333333333,59
IND686028AAB,IND689101AAA,1.3333333333333333,30
IND683511AAA,IND680104AAA,1.3333333333333333,33
IND244901AAB,IND244221AAA,1.3230769230769233,48
IND691001AAB,IND683511AAA,1.3166666666666667,42
IND360510AAB,IND360530AAB,1.3166666666666667,34
IND201007AAB,IND110044AAB,1.3157894736842106,27
IND802119AAA,IND802158AAB,1.3157894736842106,23
IND814101AAB,IND816107AAA,1.3148148148148149,40
IND209304AAA,IND211002AAB,1.3125,135
IND462022AAA,IND000000ACB,1.3090185676392574,544
IND262501AAA,IND263153AAB,1.305023923444976,40
IND345021AAA,IND342301AAA,1.2991071428571428,24
IND695012AAA,IND691001AAB,1.2962962962962963,23
IND524201AAA,IND523002AAA,1.2941176470588236,52
IND522647AAA,IND523201AAA,1.292857142857143,32
IND626138AAA,IND625008AAA,1.292857142857143,36
IND424006AAA,IND423106AAA,1.2899159663865547,20
IND134109AAA,IND160002AAC,1.2863636363636364,38
IND305404AAA,IND305601AAC,1.2857142857142858,29
IND502110AAA,IND502313AAA,1.2857142857142858,30
IND636102AAA,IND605601AAA,1.2857142857142858,25
IND501101AAB,IND509216AAC,1.2834224598930482,20
IND560099AAB,IND560058AAB,1.2817460317460316,114
IND816109AAA,IND826004AAA,1.28125,51
IND480661AAA,IND481661AAA,1.2803398058252426,22
IND562132AAA,IND518002AAA,1.278888888888889,112
IND263002AAA,IND263645AAA,1.278888888888889,24
IND382430AAB,IND370201AAA,1.275252525252525,124
IND614804AAA,IND614616AAA,1.2746153846153847,26
IND842001AAA,IND843329AAB,1.2739583333333333,22
IND673305AAA,IND673104AAA,1.2727272727272727,25
IND382421AAA,IND382721AAA,1.2727272727272727,25
IND507123AAA,IND506314AAA,1.268837803320562,32
IND000000ACB,IND201301AAF,1.2666666666666666,41
IND383315AAC,IND383255AAB,1.2666666666666666,29
IND415709AAA,IND416012AAA,1.2658102766798418,28
IND246424AAA,IND246174AAA,1.2637254901960784,32
IND627005AAA,IND628801AAA,1.2613636363636362,50
IND562132AAA,IND515004AAA,1.2608695652173914,81
IND344001AAA,IND342301AAA,1.25,27
IND345001AAA,IND345021AAA,1.25,20
IND303303AAA,IND322230AAA,1.25,80
IND110064AAA,IND000000ACB,1.25,157
IND695101AAB,IND691574AAA,1.25,33
IND341505AAA,IND341503AAB,1.25,27
IND243301AAB,IND244901AAB,1.2432432432432432,23
IND560099AAB,IND560060AAB,1.2426470588235294,60
IND473226AAA,IND474003AAA,1.24,75
IND508252AAB,IND508207AAB,1.2326839826839828,24
IND683511AAA,IND680012AAA,1.2222222222222223,45
IND560058AAB,IND560099AAB,1.2222222222222223,66
IND480886AAA,IND480001AAA,1.2142857142857142,25
IND201307AAA,IND201301AAL,1.207142857142857,54
